{
    "fixed_cost_mo": 10000,
    "var_cost_mo": 0.4,
    "norm_rev": 15000,
    "curr_rev": 10000,
    "vacc_levels": [
        10,
        20,
        30,
        40,
        50,
        60
    ],
    "revenues": [
        10833.333333333334,
        11666.666666666666,
        12500.0,
        13333.333333333332,
        14166.666666666668,
        15000.0
    ],
    "costs": [
        14333.333333333334,
        14666.666666666668,
        15000.0,
        15333.333333333332,
        15666.666666666668,
        16000.0
    ],
    "profits": [
        -3500.0,
        -3000.000000000002,
        -2500.0,
        -2000.0,
        -1500.0,
        -1000.0
    ]
}